year,method,start,end,days,final,return_pct,max_drawdown_pct,min_value,floor_breached,max_shortfall,first_exit,rebalance_count,risky_turnover,option_sigma,call_premium,call_units
2018,Buy & Hold,2017-12-29,2018-12-31,251,93.76274026503486,-6.237259734965136,19.778213767806875,87.93728329861119,True,2.0627167013888084,,0,0.0,,,
2018,SLPI,2017-12-29,2018-12-31,251,87.93728329861119,-12.062716701388808,19.778213767806875,87.93728329861119,True,2.0627167013888084,2018-12-24,1,87.9372832986112,,,
2018,CPPI,2017-12-29,2018-12-31,251,97.5476061992414,-2.4523938007585997,6.162668561206319,96.2697634056735,False,0.0,,250,111.94422734394212,,,
2018,TIPP,2017-12-29,2018-12-31,251,98.25335423297818,-1.7466457670218176,5.020906857460094,97.21467763285547,False,0.0,,250,88.5634355886223,,,
2018,Variable m,2017-12-29,2018-12-31,251,96.67259419632649,-3.327405803673514,9.075321450367092,95.70491398208304,False,0.0,,250,417.6357256569539,,,
2018,OBPI (model),2017-12-29,2018-12-31,251,90.0,-10.0,28.61189116392273,90.0,False,0.0,,0,,0.06670114253007703,2.6677737538854203,3.7484438046651145
2019,Buy & Hold,2018-12-31,2019-12-31,252,128.87807407702897,28.87807407702897,6.836103916383496,97.64804435845784,False,0.0,,0,0.0,,,
2019,SLPI,2018-12-31,2019-12-31,252,128.87807407702897,28.87807407702897,6.836103916383496,97.64804435845784,False,0.0,,0,0.0,,,
2019,CPPI,2018-12-31,2019-12-31,252,110.4125408907653,10.4125408907653,2.9563210233625625,99.29252904089921,False,0.0,,251,126.32073439772489,,,
2019,TIPP,2018-12-31,2019-12-31,252,107.4566332387571,7.456633238757107,1.9597950036950418,99.2950728008607,False,0.0,,251,70.91068030769742,,,
2019,Variable m,2018-12-31,2019-12-31,252,111.39858726444045,11.398587264440451,6.1462326816024255,99.51728724998448,False,0.0,,228,631.619581881268,,,
2019,OBPI (model),2018-12-31,2019-12-31,252,132.50513785173737,32.50513785173737,8.822819938499137,98.20718281679854,False,0.0,,0,,0.17050713778154272,6.794019625994125,1.4718827072179328
2020,Buy & Hold,2019-12-31,2020-12-31,253,116.25892199406964,16.258921994069638,33.92495902426057,69.2526263007695,True,20.747373699230494,,0,0.0,,,
2020,SLPI,2019-12-31,2020-12-31,253,85.01228805427795,-14.987711945722054,18.888413094517364,85.01228805427795,True,4.9877119457220545,2020-03-09,1,85.01228805427795,,,
2020,CPPI,2019-12-31,2020-12-31,253,100.76190685975524,0.7619068597552427,8.663796123536482,92.66468468853242,False,0.0,,252,134.88660387266972,,,
2020,TIPP,2019-12-31,2020-12-31,253,100.7647573169417,0.7647573169416972,7.673677788693977,93.59833061334615,False,0.0,,252,117.62124214511326,,,
2020,Variable m,2019-12-31,2020-12-31,253,104.20633516513662,4.206335165136622,7.003544873205558,95.20796780017845,False,0.0,,230,399.2235341885655,,,
2020,OBPI (model),2019-12-31,2020-12-31,253,122.57461686766118,22.574616867661177,14.988303041540652,90.00202245700409,False,0.0,,0,,0.12502354411550934,4.991285717994359,2.0034917985056335
2021,Buy & Hold,2020-12-31,2021-12-31,252,126.89273629085734,26.892736290857343,5.212532648585433,98.52452164097049,False,0.0,,0,0.0,,,
2021,SLPI,2020-12-31,2021-12-31,252,126.89273629085734,26.892736290857343,5.212532648585433,98.52452164097049,False,0.0,,0,0.0,,,
2021,CPPI,2020-12-31,2021-12-31,252,109.39566935252694,9.395669352526937,2.4335186199935577,99.55735649229115,False,0.0,,251,134.65803930481067,,,
2021,TIPP,2020-12-31,2021-12-31,252,106.91208325620306,6.912083256203061,1.5276418194605568,99.55735649229115,False,0.0,,251,82.61561841501873,,,
2021,Variable m,2020-12-31,2021-12-31,252,112.945732342685,12.945732342685005,4.859866619457676,99.1147129845823,False,0.0,,208,559.5399698496437,,,
2021,OBPI (model),2020-12-31,2021-12-31,252,109.49537243109293,9.495372431092932,4.141911103275675,99.14656336378566,False,0.0,,0,,0.34751563663108054,13.794420386638159,0.7249307850358403
2022,Buy & Hold,2021-12-31,2022-12-30,251,80.55717576759594,-19.442824232404064,25.42509631902862,75.05024988565269,True,14.94975011434731,,0,0.0,,,
2022,SLPI,2021-12-31,2022-12-30,251,88.65590472873453,-11.344095271265473,11.90561569124542,88.65590472873453,True,1.3440952712654735,2022-02-23,1,88.65590472873453,,,
2022,CPPI,2021-12-31,2022-12-30,251,94.3843286709165,-5.615671329083497,6.498613313140089,93.68018220827624,False,0.0,,250,105.8736597785329,,,
2022,TIPP,2021-12-31,2022-12-30,251,94.48239020660061,-5.517609793399387,6.388870645244282,93.79013472864828,False,0.0,,250,103.84363111749181,,,
2022,Variable m,2021-12-31,2022-12-30,251,94.2525590403308,-5.7474409596692055,6.401056252458492,93.80917179431589,False,0.0,,250,177.55327077147084,,,
2022,OBPI (model),2021-12-31,2022-12-30,251,90.0,-10.0,10.5482471981038,90.0,False,0.0,,0,,0.13111735628943777,5.219926105605758,1.9157359314456288
2023,Buy & Hold,2022-12-30,2023-12-29,250,124.23049876285987,24.230498762859867,10.276620410724846,99.18218518036204,False,0.0,,0,0.0,,,
2023,SLPI,2022-12-30,2023-12-29,250,124.23049876285987,24.230498762859867,10.276620410724846,99.18218518036204,False,0.0,,0,0.0,,,
2023,CPPI,2022-12-30,2023-12-29,250,108.21710926812801,8.217109268128013,4.438685847127244,99.75045784534726,False,0.0,,249,126.97547469962765,,,
2023,TIPP,2022-12-30,2023-12-29,250,106.25637436648734,6.256374366487336,2.8612126857772258,99.75371026368943,False,0.0,,249,81.63084180955325,,,
2023,Variable m,2022-12-30,2023-12-29,250,110.93702914440992,10.93702914440992,8.341719693211635,99.68500136245086,False,0.0,,227,572.2050468768298,,,
2023,OBPI (model),2022-12-30,2023-12-29,250,115.25169413346656,15.251694133466557,11.078498311636874,99.09670009965333,False,0.0,,0,,0.24143956924871382,9.595593323279886,1.0421450412804576
2024,Buy & Hold,2023-12-29,2024-12-31,252,123.30900681994953,23.30900681994953,8.485142574816496,98.29868150437228,False,0.0,,0,0.0,,,
2024,SLPI,2023-12-29,2024-12-31,252,123.30900681994953,23.30900681994953,8.485142574816496,98.29868150437228,False,0.0,,0,0.0,,,
2024,CPPI,2023-12-29,2024-12-31,252,107.85877279018138,7.858772790181376,3.7170172043692995,99.49510312819616,False,0.0,,251,129.34203425908743,,,
2024,TIPP,2023-12-29,2024-12-31,252,106.08787851429426,6.08787851429426,2.4029373123866438,99.49510312819616,False,0.0,,251,75.30710571325812,,,
2024,Variable m,2023-12-29,2024-12-31,252,112.97757371942525,12.977573719425251,6.997211689023186,99.00656227345125,False,0.0,,196,558.2045163562586,,,
2024,OBPI (model),2023-12-29,2024-12-31,252,134.12340530463777,34.12340530463777,14.215478396352088,98.3071861743009,False,0.0,,0,,0.13197293322632964,5.282685381832842,1.8929766354040327
2025,Buy & Hold,2024-12-31,2025-12-31,250,116.38780406111908,16.387804061119084,18.90220779115093,84.71750178096892,True,5.282498219031083,,0,0.0,,,
2025,SLPI,2024-12-31,2025-12-31,250,86.26996257840091,-13.730037421599093,17.416078709015903,86.26996257840091,True,3.730037421599093,2025-04-04,1,86.26996257840092,,,
2025,CPPI,2024-12-31,2025-12-31,250,104.23164612063515,4.231646120635148,5.425593887993241,95.83626726342581,False,0.0,,249,111.94825343957115,,,
2025,TIPP,2024-12-31,2025-12-31,250,103.63220836120767,3.632208361207674,4.850769923520226,96.35967184220355,False,0.0,,249,87.5005489639421,,,
2025,Variable m,2024-12-31,2025-12-31,250,103.66857204828764,3.6685720482876434,6.4173233947985135,95.21442147350047,False,0.0,,249,443.11015800906296,,,
2025,OBPI (model),2024-12-31,2025-12-31,250,122.46573011505211,22.46573011505211,13.41523497182907,90.53777178742604,False,0.0,,0,,0.1266121925532293,5.047723862375491,1.9810909377467283
